{
  "project_info": {
    "project_number": "98405831088",
    "firebase_url": "https://escshop-892c8-default-rtdb.firebaseio.com",
    "project_id": "escshop-892c8",
    "storage_bucket": "escshop-892c8.appspot.com"
  },
  "client": [
    {
      "client_info": {
        "mobilesdk_app_id": "1:98405831088:android:f0fd29e55011b413ae4675",
        "android_client_info": {
          "package_name": "com.example.escshop"
        }
      },
      "oauth_client": [
        {
          "client_id": "98405831088-ptoprjuqvepl4vnurqlp6imprgbhj781.apps.googleusercontent.com",
          "client_type": 3
        }
      ],
      "api_key": [
        {
          "current_key": "AIzaSyBh9EAP7uA_0hqk9jAPXwzzh6rDmldOQUI"
        }
      ],
      "services": {
        "appinvite_service": {
          "other_platform_oauth_client": [
            {
              "client_id": "98405831088-ptoprjuqvepl4vnurqlp6imprgbhj781.apps.googleusercontent.com",
              "client_type": 3
            }
          ]
        }
      }
    }
  ],
  "configuration_version": "1"
}